system,formula,anion_class,n_Li,natoms,n_conv_T,med_prod_ps,min_trun_ps,med_tlag_ps,med_beta,med_block_cv,med_Dwin_spread,charge_conv_T,med_haven,D_Li_1000K,D_Li_1500K,D_Li_2000K,D_Li_2500K,blockcv_1000K,blockcv_1500K,blockcv_2000K,blockcv_2500K,Ea_eV
K-Li,K20Li90,metallic,90,110,4,27.985,5.0,1.0,1.0295,0.064,0.0805,0,0.95,0.0002429,0.0004291,0.0007566,0.0009979,0.121,0.062,0.021,0.066,0.203
Li,Li100,metallic,100,100,4,32.17,15.0,1.0,0.97,0.07250000000000001,0.0475,0,,0.0002359,0.0004033,0.0006411,0.0009886,0.136,0.067,0.078,0.021,0.197
Li-Na,Li90Na20,metallic,90,110,3,37.525000000000006,7.5,1.0,1.0215,0.074,0.116,1,1.7650000000000001,0.0002355,0.0004784,0.0006519,0.0007908,0.046,0.059,0.098,0.089,0.174
Li-Rb,Li68Rb34,metallic,68,102,4,21.825,15.0,1.0,0.9844999999999999,0.07250000000000001,0.09,0,0.25,0.0001809,0.0004575,0.0006121,0.001051,0.075,0.075,0.07,0.07,0.239
Li-Sr,Li80Sr20,metallic,80,100,4,29.465000000000003,5.0,1.0,1.0575,0.0955,0.1115,0,0.6000000000000001,0.0001768,0.0003203,0.0005148,0.0007126,0.114,0.077,0.066,0.137,0.197
Br-Li,Br25Li75,halide,75,100,3,31.445,7.5,1.0,1.072,0.067,0.10949999999999999,2,0.39,0.0001707,0.0003659,0.0006299,0.0008922,0.155,0.051,0.083,0.047,0.235
I-Li,I34Li68,halide,68,102,4,32.545,15.0,1.0,0.9225000000000001,0.20450000000000002,0.079,0,0.3,0.0001606,0.0003969,0.0005652,0.0009447,0.231,0.2,0.115,0.209,0.242
Li-Sn-Sr,Li84Sn7Sr14,metallic,84,105,4,28.03,5.0,1.0,1.1145,0.0975,0.137,0,0.16,0.0001555,0.0003237,0.0005973,0.0006433,0.096,0.048,0.123,0.099,0.214
Cu-Li,Cu20Li80,metallic,80,100,3,36.480000000000004,5.0,1.0,1.0145,0.0775,0.08149999999999999,2,0.79,0.0001404,0.0002985,0.000445,0.0008879,0.108,0.056,0.071,0.084,0.245
Li-Zr,Li80Zr20,metallic,80,100,3,31.115000000000002,10.0,1.0,1.041,0.093,0.14400000000000002,2,0.16,0.0001349,0.0003281,0.0005754,0.0005774,0.017,0.128,0.134,0.058,0.222
K-Li-Si,K10Li80Si10,network(B/C/Si/Ge),80,100,2,39.99,20.0,1.0,1.032,0.0985,0.108,1,0.67,0.0001334,0.0003668,0.0005017,0.0008846,0.112,0.121,0.03,0.085,0.257
Cr-Li,Cr25Li75,metallic,75,100,3,27.44,7.5,1.0,0.9275,0.113,0.08549999999999999,1,0.29000000000000004,0.000132,0.000259,0.000385,0.0005715,0.093,0.133,0.175,0.019,0.203
Li-Sc,Li75Sc25,metallic,75,100,4,29.505000000000003,7.5,1.0,1.0234999999999999,0.1235,0.07200000000000001,0,1.52,0.0001278,0.0002646,0.0004518,0.0006088,0.069,0.136,0.111,0.148,0.223
Ca-Li-Sn,Ca14Li84Sn7,metallic,84,105,3,27.91,7.5,1.0,0.9724999999999999,0.1055,0.078,1,0.75,0.0001267,0.0002811,0.0004608,0.0006675,0.165,0.059,0.092,0.119,0.234
Hf-Li,Hf20Li90,metallic,90,110,2,35.495000000000005,20.0,1.0,1.069,0.116,0.1405,1,0.13,0.0001266,0.0003536,0.0004858,0.0006788,0.131,0.23,0.046,0.101,0.237
B-Li,B25Li75,network(B/C/Si/Ge),75,100,3,35.41,20.0,1.0,0.9755,0.108,0.1025,1,3.5949999999999998,0.0001264,0.0002657,0.0004614,0.0005491,0.103,0.083,0.167,0.113,0.216
Li-Ta,Li80Ta20,metallic,80,100,3,35.34,10.0,1.75,0.9524999999999999,0.115,0.1515,1,0.54,0.0001252,0.0003126,0.0004091,0.0006178,0.134,0.162,0.009,0.096,0.22
Hg-Li,Hg20Li80,metallic,80,100,2,39.99,15.0,1.0,0.9924999999999999,0.076,0.08399999999999999,2,0.74,0.0001242,0.0002562,0.0003459,0.0007306,0.123,0.059,0.044,0.093,0.231
Li-W,Li80W20,metallic,80,100,3,30.21,10.0,1.0,1.055,0.1075,0.10550000000000001,2,0.365,0.0001238,0.0002611,0.0006379,0.0006572,0.124,0.05,0.131,0.091,0.256
Li-Si-Sr,Li80Si10Sr10,network(B/C/Si/Ge),80,100,3,31.16,25.0,1.0,1.004,0.086,0.11399999999999999,1,0.745,0.0001172,0.0002987,0.000356,0.0007504,0.19,0.074,0.098,0.072,0.242
Li-Ni-Sn,Li84Ni9Sn12,metallic,84,105,4,34.375,20.0,1.0,1.037,0.046,0.098,2,0.45499999999999996,0.0001153,0.0002538,0.0004797,0.0006909,0.03,0.094,0.062,0.018,0.255
Fe-Li,Fe25Li75,metallic,75,100,3,32.405,30.0,1.0,0.9929999999999999,0.1315,0.1105,1,0.74,0.0001103,0.000236,0.0005294,0.0006701,0.156,0.132,0.131,0.049,0.265
Co-Li-Si,Co14Li84Si7,network(B/C/Si/Ge),84,105,4,36.47,15.0,1.0,0.963,0.094,0.0805,0,1.19,0.0001087,0.0002542,0.0003898,0.0006292,0.198,0.089,0.099,0.05,0.243
Cd-Li,Cd25Li75,metallic,75,100,4,33.81,5.0,1.0,1.0110000000000001,0.068,0.0955,1,0.35,0.0001079,0.0002602,0.0003986,0.0005372,0.034,0.102,0.092,0.044,0.229
B-Li-Sn,B14Li84Sn7,network(B/C/Si/Ge),84,105,3,30.21,25.0,1.0,1.012,0.108,0.0935,1,0.99,0.0001053,0.0003036,0.0003917,0.0007642,0.109,0.107,0.086,0.109,0.265
Li-Si-Y,Li80Si10Y10,network(B/C/Si/Ge),80,100,4,30.325000000000003,7.5,1.0,1.0474999999999999,0.055,0.0835,2,0.7949999999999999,0.0001043,0.0002409,0.0003851,0.0006638,0.115,0.056,0.049,0.054,0.254
Ag-Li,Ag25Li75,metallic,75,100,3,33.35,5.0,1.0,0.9585,0.096,0.1435,2,0.425,0.0001034,0.0002421,0.0003619,0.0005452,0.086,0.167,0.106,0.082,0.232
Li-Mo,Li80Mo20,metallic,80,100,4,31.345,20.0,1.0,0.9975,0.08600000000000001,0.14150000000000001,1,0.5650000000000001,0.0001025,0.0003381,0.0004258,0.0005687,0.125,0.056,0.116,0.029,0.243
Li-Ni,Li80Ni20,metallic,80,100,3,32.085,5.0,1.0,0.9764999999999999,0.0925,0.1095,1,1.71,0.0001021,0.0002721,0.0003805,0.000649,0.03,0.111,0.131,0.074,0.253
Li-Ni-Si,Li84Ni14Si7,network(B/C/Si/Ge),84,105,3,32.43,20.0,1.0,0.959,0.152,0.096,0,0.35,9.834e-05,0.0003113,0.0004464,0.0006561,0.162,0.053,0.142,0.165,0.268
Li-Sc-Sn,Li96Sc15Sn9,metallic,96,120,4,29.35,7.5,1.0,0.989,0.091,0.10250000000000001,2,0.19,9.284e-05,0.0002614,0.0003967,0.0006396,0.153,0.087,0.095,0.055,0.268
Ba-Li,Ba50Li50,metallic,50,100,3,26.945,15.0,1.0,1.016,0.128,0.15250000000000002,0,1.04,9.221e-05,0.0002408,0.0004919,0.0007867,0.12,0.059,0.136,0.21,0.304
Ag-Li-Sn,Ag21Li84Sn7,metallic,84,112,3,32.675,25.0,1.0,1.005,0.097,0.07350000000000001,1,1.02,9.132e-05,0.0002104,0.0003153,0.0005841,0.121,0.053,0.073,0.144,0.25
Li-Na-Sn,Li52Na36Sn16,metallic,52,104,2,39.82,30.0,1.5,0.981,0.081,0.14500000000000002,0,0.655,8.989e-05,0.0001958,0.0004105,0.0003918,0.055,0.024,0.107,0.155,0.229
Fe-Li-Si,Fe15Li80Si5,network(B/C/Si/Ge),80,100,2,33.615,20.0,1.0,1.0010000000000001,0.097,0.14350000000000002,0,0.34,8.939e-05,0.0002696,0.0006037,0.0006944,0.106,0.16,0.088,0.057,0.307
Li-Pd-Si,Li80Pd15Si5,network(B/C/Si/Ge),80,100,2,32.519999999999996,20.0,1.0,0.942,0.053000000000000005,0.091,1,0.525,8.896e-05,0.0002306,0.0005049,0.0005718,0.038,0.085,0.017,0.068,0.279
Li-Ru,Li80Ru20,metallic,80,100,2,34.68,15.0,1.0,0.9505,0.10350000000000001,0.1315,2,0.63,8.885e-05,0.0002357,0.0003987,0.0004639,0.137,0.064,0.141,0.07,0.244
Li-O-W,Li80O15W5,oxide,80,100,4,33.545,5.0,1.0,1.04,0.11199999999999999,0.08099999999999999,1,0.235,8.767e-05,0.0002638,0.0004522,0.0007078,0.141,0.083,0.16,0.082,0.295
Cl-Li,Cl50Li50,halide,50,100,3,35.85,5.0,1.0,1.0070000000000001,0.1135,0.0905,0,1.05,8.32e-05,0.0002605,0.000345,0.0005382,0.09,0.137,0.207,0.029,0.259
Ge-Li,Ge50Li50,network(B/C/Si/Ge),50,100,3,23.695,15.0,1.0,1.022,0.1325,0.07150000000000001,2,0.99,8.24e-05,0.0001696,0.0003461,0.0004954,0.185,0.076,0.091,0.174,0.257
Li-Sn,Li108Sn20,metallic,108,128,4,34.394999999999996,10.0,1.0,0.98,0.07849999999999999,0.08049999999999999,1,0.7999999999999999,8.128e-05,0.0002503,0.000372,0.0006131,0.185,0.039,0.071,0.086,0.281
Fe-Li-Sn,Fe18Li81Sn9,metallic,81,108,4,32.815,7.5,1.0,0.965,0.0655,0.056999999999999995,0,0.66,7.895e-05,0.0001987,0.0003879,0.0005828,0.061,0.07,0.097,0.05,0.285
Cr-Li-Sn,Cr18Li81Sn9,metallic,81,108,4,32.42,20.0,1.0,1.0325,0.10400000000000001,0.126,2,0.38,7.859e-05,0.0002588,0.0003884,0.0006563,0.091,0.117,0.053,0.123,0.295
Li-Se,Li75Se25,chalcogenide,75,100,3,28.785,5.0,1.0,0.991,0.0635,0.08549999999999999,1,2.81,7.712e-05,0.0002176,0.0003861,0.0005562,0.152,0.053,0.06,0.067,0.282
Li-Re-Si,Li88Re8Si14,network(B/C/Si/Ge),88,110,2,39.315,30.0,1.0,0.972,0.12,0.077,2,3.1149999999999998,7.437e-05,0.0001882,0.0003711,0.0005849,0.126,0.122,0.086,0.118,0.292
Li-Ru-Sn,Li80Ru6Sn14,metallic,80,100,2,33.989999999999995,20.0,1.0,0.9949999999999999,0.0915,0.10250000000000001,1,0.63,7.091e-05,0.0001694,0.0004275,0.0005291,0.089,0.12,0.094,0.07,0.298
Li-Sn-Te,Li80Sn10Te10,chalcogenide,80,100,3,33.94,15.0,1.0,0.9624999999999999,0.0775,0.0945,2,0.6699999999999999,6.925e-05,0.0002098,0.0003742,0.00052,0.081,0.081,0.074,0.066,0.29
Li-Mo-Sn,Li81Mo18Sn9,metallic,81,108,3,35.09,25.0,1.0,0.9484999999999999,0.094,0.0635,1,0.55,6.824e-05,0.0002127,0.0003593,0.0005706,0.144,0.094,0.063,0.094,0.299
Cs-Li-Sn,Cs4Li108Sn23,metallic,108,135,4,25.79,5.0,1.0,1.0045,0.10300000000000001,0.091,1,0.645,6.814e-05,0.0002136,0.0003611,0.000602,0.098,0.108,0.038,0.139,0.305
Ge-Li-Sn,Ge24Li72Sn12,network(B/C/Si/Ge),72,108,4,22.055,15.0,1.0,1.066,0.095,0.0555,2,0.32999999999999996,6.782e-05,0.0001577,0.0003216,0.0005599,0.141,0.068,0.086,0.104,0.295
Li-Pt-Si,Li84Pt14Si7,network(B/C/Si/Ge),84,105,3,34.760000000000005,7.5,1.0,0.9929999999999999,0.1235,0.133,1,0.5700000000000001,6.756e-05,0.0002297,0.0003137,0.0005035,0.112,0.169,0.135,0.111,0.279
Li-Se-Sn,Li84Se14Sn7,chalcogenide,84,105,4,32.795,7.5,1.0,0.962,0.048,0.135,1,1.92,6.701e-05,0.0001877,0.0003958,0.00048,0.059,0.013,0.085,0.037,0.291
Cl-Li-Si,Cl32Li60Si8,halide,60,100,2,39.945,15.0,1.0,0.9904999999999999,0.10200000000000001,0.1305,3,2.7,6.686e-05,0.0001968,0.0004265,0.0005432,0.093,0.111,0.039,0.118,0.308
Li-Tl,Li75Tl30,metallic,75,105,3,31.32,10.0,1.0,1.004,0.0875,0.083,0,1.865,6.357e-05,0.0001826,0.000262,0.0006297,0.108,0.132,0.067,0.063,0.303
Li-Te,Li68Te34,chalcogenide,68,102,2,31.575,15.0,1.25,1.045,0.119,0.11,2,0.8300000000000001,6.341e-05,0.0002117,0.0003131,0.0004003,0.176,0.148,0.054,0.09,0.266
Li-S,Li75S25,chalcogenide,75,100,3,33.0,10.0,1.0,1.0345,0.108,0.08549999999999999,1,1.68,6.282e-05,0.0001586,0.0003148,0.0005524,0.264,0.108,0.108,0.053,0.303
Au-Li,Au25Li75,metallic,75,100,2,32.769999999999996,25.0,5.5,0.9545,0.0655,0.2005,0,0.6799999999999999,6.12e-05,0.0002311,0.0002652,0.000597,0.067,0.023,0.101,0.064,0.301
As-Li,As68Li34,pnictide,34,102,2,32.504999999999995,25.0,1.25,0.9359999999999999,0.078,0.127,1,1.37,6.076e-05,0.0001573,0.0003188,0.0005392,0.088,0.068,0.138,0.038,0.307
Li-Nb-Si,Li81Nb9Si18,network(B/C/Si/Ge),81,108,3,36.585,30.0,1.0,0.964,0.1315,0.08349999999999999,0,1.53,6.037e-05,0.0001983,0.0003493,0.0004524,0.11,0.167,0.153,0.092,0.293
Li-Sn-Zn,Li34Sn34Zn34,metallic,34,102,3,29.68,7.5,1.0,0.9874999999999999,0.133,0.141,0,1.09,6.002e-05,0.0001952,0.0002688,0.0005478,0.084,0.101,0.207,0.165,0.298
Ir-Li,Ir20Li80,metallic,80,100,4,35.239999999999995,7.5,1.0,0.968,0.129,0.08449999999999999,2,0.47500000000000003,5.953e-05,0.0001609,0.000283,0.0004402,0.123,0.191,0.129,0.129,0.282
Ga-Li-Sn,Ga24Li72Sn12,metallic,72,108,3,28.630000000000003,15.0,1.0,0.992,0.14450000000000002,0.10650000000000001,1,0.61,5.903e-05,0.0001772,0.0003613,0.0004289,0.137,0.152,0.094,0.163,0.294
Bi-Li-Si,Bi2Li80Si18,pnictide,80,100,3,38.24,20.0,1.0,0.9994999999999999,0.093,0.1105,2,0.765,5.754e-05,0.000149,0.0003776,0.0005583,0.143,0.064,0.073,0.113,0.329
Li-Si,Li50Si50,network(B/C/Si/Ge),50,100,3,15.489999999999998,10.0,1.0,0.9415,0.13899999999999998,0.0915,1,1.05,5.66e-05,0.0001491,0.0003632,0.0004028,0.105,0.191,0.103,0.173,0.296
Li-S-Sn,Li81S18Sn9,chalcogenide,81,108,3,30.655,15.0,1.0,0.9315,0.089,0.092,3,1.565,5.613e-05,0.0001928,0.0002679,0.0005201,0.1,0.067,0.147,0.078,0.303
In-Li,In25Li75,metallic,75,100,2,31.655,25.0,1.0,0.938,0.08549999999999999,0.099,0,0.55,5.509e-05,0.0001776,0.0002748,0.0005038,0.039,0.129,0.078,0.093,0.305
Li-Mg-Si,Li56Mg36Si20,network(B/C/Si/Ge),56,112,3,39.99,25.0,1.0,1.1095000000000002,0.1215,0.134,0,1.025,5.398e-05,0.0001737,0.0003143,0.0004575,0.032,0.137,0.164,0.106,0.306
Cd-Li-Sn,Cd18Li81Sn9,metallic,81,108,4,27.009999999999998,5.0,1.0,0.9415,0.14650000000000002,0.0775,0,1.1199999999999999,5.323e-05,0.0001972,0.0003561,0.0004982,0.213,0.065,0.165,0.128,0.323
Li-Pt,Li80Pt20,metallic,80,100,3,34.370000000000005,5.0,1.0,0.9835,0.07949999999999999,0.067,1,0.55,5.294e-05,0.0001737,0.0003076,0.0004788,0.087,0.162,0.072,0.071,0.312
Li-Si-Sn-Ti,Li75Si10Sn10Ti5,network(B/C/Si/Ge),75,100,2,39.99,5.0,1.0,1.0725,0.127,0.10200000000000001,0,0.6,5.257e-05,0.0001747,0.00031,0.0006059,0.163,0.144,0.11,0.069,0.337
Ca-Li-Si,Ca34Li51Si17,network(B/C/Si/Ge),51,102,2,32.72,10.0,1.0,0.999,0.14500000000000002,0.11549999999999999,1,0.815,5.208e-05,0.0001861,0.0003237,0.000424,0.221,0.166,0.124,0.079,0.305
Li-Os,Li80Os20,metallic,80,100,3,31.869999999999997,15.0,1.0,1.0495,0.14150000000000001,0.089,0,0.595,5.187e-05,0.0001861,0.0003573,0.0004987,0.154,0.186,0.129,0.031,0.327
Co-Li-Sn,Co7Li84Sn21,metallic,84,112,3,28.855,5.0,1.0,1.0695000000000001,0.076,0.101,3,0.39,5.113e-05,0.0001889,0.0003004,0.0004627,0.072,0.055,0.08,0.089,0.312
Li-Rh-Sn,Li81Rh9Sn18,metallic,81,108,3,30.884999999999998,20.0,1.0,1.026,0.096,0.10450000000000001,1,0.9500000000000001,5.089e-05,0.0001871,0.0003328,0.0005379,0.211,0.073,0.024,0.119,0.334
Bi-Li-S,Bi15Li45S45,chalcogenide,45,105,3,32.785,25.0,1.0,0.9575,0.11549999999999999,0.11299999999999999,1,0.7,5.008e-05,0.0001584,0.0002648,0.000397,0.138,0.126,0.07,0.105,0.294
Ga-Li-Si,Ga14Li35Si56,network(B/C/Si/Ge),35,105,3,32.010000000000005,20.0,1.0,1.031,0.1245,0.1285,2,2.43,4.95e-05,0.0001583,0.0002483,0.0003995,0.115,0.134,0.199,0.101,0.292
B-Li-Si,B30Li60Si10,network(B/C/Si/Ge),60,100,3,33.665,15.0,1.0,0.9355,0.1135,0.125,2,0.98,4.94e-05,0.0001333,0.000248,0.0004926,0.161,0.066,0.157,0.07,0.315
Li-P-Sn,Li42P27Sn36,pnictide,42,105,2,34.525000000000006,25.0,1.0,0.9365,0.1835,0.079,0,0.675,4.824e-05,0.0001484,0.0003473,0.000383,0.147,0.224,0.111,0.22,0.312
Li-Sb-Sn,Li80Sb10Sn10,pnictide,80,100,3,30.14,5.0,1.0,0.963,0.0865,0.0625,0,0.63,4.784e-05,0.0001712,0.0003376,0.0004741,0.062,0.078,0.105,0.095,0.332
Li-N,Li75N25,pnictide,75,100,4,39.584999999999994,5.0,1.0,1.0194999999999999,0.07050000000000001,0.0505,0,1.64,4.728e-05,0.0001547,0.0002786,0.0004603,0.036,0.1,0.12,0.041,0.32
Cd-Li-Si,Cd5Li75Si20,network(B/C/Si/Ge),75,100,4,36.45,5.0,1.0,1.0045,0.069,0.0905,2,0.635,4.704e-05,0.0001742,0.0003685,0.0004817,0.035,0.07,0.068,0.073,0.341
Li-S-Sb,Li50S40Sb10,chalcogenide,50,100,3,32.84,15.0,1.0,0.9255,0.172,0.124,2,0.385,4.661e-05,0.0001449,0.0003159,0.0005435,0.151,0.174,0.17,0.193,0.347
Ga-Li,Ga34Li68,metallic,68,102,3,38.644999999999996,5.0,1.0,0.98,0.1255,0.0615,1,0.78,4.352e-05,0.0001756,0.0003357,0.0004638,0.178,0.135,0.116,0.07,0.343
In-Li-Si,In4Li80Si36,network(B/C/Si/Ge),80,120,4,30.805,15.0,1.0,0.9510000000000001,0.0675,0.095,0,0.43,4.293e-05,0.0001546,0.0002867,0.0004979,0.202,0.058,0.042,0.077,0.344
Li-Mg-Sn,Li25Mg50Sn25,metallic,25,100,2,28.92,25.0,1.0,0.9590000000000001,0.1525,0.098,0,6.81,4.206e-05,0.0001463,0.0002442,0.000472,0.219,0.103,0.161,0.144,0.333
Co-Li,Co34Li68,metallic,68,102,4,26.884999999999998,10.0,1.0,1.0819999999999999,0.1485,0.10700000000000001,2,0.39,4.204e-05,0.0001408,0.0003468,0.0004727,0.15,0.179,0.102,0.147,0.354
Bi-Li-Sn,Bi7Li84Sn14,pnictide,84,105,3,29.345,10.0,1.0,1.061,0.10500000000000001,0.087,0,1.695,4.175e-05,0.0001727,0.0004063,0.0005678,0.175,0.101,0.109,0.087,0.381
Li-Si-Zn,Li35Si56Zn14,network(B/C/Si/Ge),35,105,3,37.12,10.0,1.0,0.933,0.14500000000000002,0.122,1,1.065,4.042e-05,0.0001403,0.0002417,0.0003704,0.201,0.158,0.098,0.132,0.315
Al-Li-Si,Al17Li68Si17,network(B/C/Si/Ge),68,102,3,33.614999999999995,20.0,1.0,0.9555,0.0645,0.1095,1,1.375,3.94e-05,0.0001812,0.0003047,0.0004129,0.281,0.062,0.067,0.032,0.34
Ge-Li-Si,Ge4Li40Si36,network(B/C/Si/Ge),40,80,2,35.7,25.0,8.0,0.9545,0.1895,0.157,0,1.005,3.896e-05,0.0001768,0.0002866,0.0006603,0.189,0.075,0.19,0.203,0.386
Li-Pd,Li68Pd34,metallic,68,102,2,33.28,25.0,5.5,0.8915,0.131,0.174,1,0.99,3.873e-05,0.0001075,0.0002582,0.0002177,0.181,0.163,0.098,0.099,0.274
As-Li-Si,As28Li63Si14,pnictide,63,105,4,38.46,15.0,1.0,1.043,0.048,0.086,1,1.34,3.868e-05,0.0001518,0.0003024,0.0004436,0.189,0.031,0.058,0.038,0.352
As-Li-Sn,As27Li42Sn36,pnictide,42,105,2,29.714999999999996,10.0,1.0,0.9245,0.1355,0.1175,1,1.29,3.865e-05,0.000161,0.0003147,0.0004204,0.077,0.242,0.11,0.161,0.348
Li-Zn,Li50Zn50,metallic,50,100,2,35.415,25.0,1.0,1.0539999999999998,0.11149999999999999,0.128,2,0.495,3.748e-05,0.0001293,0.0002679,0.0003232,0.099,0.279,0.121,0.102,0.319
Li-Si-Sn-Sr,Li50Si40Sn5Sr5,network(B/C/Si/Ge),50,100,3,34.75,25.0,1.0,1.02,0.0945,0.14350000000000002,1,0.72,3.683e-05,0.000156,0.0003145,0.0003597,0.097,0.155,0.092,0.087,0.34
Li-Mn-Sn,Li75Mn5Sn20,metallic,75,100,2,26.095,10.0,1.0,0.986,0.1105,0.089,2,0.58,3.661e-05,0.000161,0.0002717,0.0004747,0.293,0.132,0.089,0.08,0.36
Cu-Li-S,Cu17Li51S34,chalcogenide,51,102,2,36.045,10.0,1.0,1.047,0.10500000000000001,0.138,1,0.46499999999999997,3.584e-05,0.0001351,0.000274,0.0004198,0.22,0.113,0.061,0.097,0.353
Li-Sn-Ta,Li52Sn13Ta39,metallic,52,104,2,35.004999999999995,15.0,2.75,0.884,0.12,0.14450000000000002,2,0.28,3.572e-05,0.0001024,0.0001629,0.0002811,0.133,0.113,0.109,0.127,0.285
Li-Sb,Li80Sb20,pnictide,80,100,4,32.95,7.5,1.0,1.025,0.0615,0.077,2,0.5,3.566e-05,0.0001725,0.0003566,0.0005588,0.194,0.028,0.042,0.081,0.395
Li-S-Ti,Li36S36Ti9,chalcogenide,36,81,2,34.56,20.0,4.5,1.0005,0.16,0.187,1,1.12,3.522e-05,0.000122,0.0003038,0.0004098,0.267,0.112,0.208,0.044,0.36
Li-Si-Sn,Li75Si10Sn15,network(B/C/Si/Ge),75,100,3,36.525,30.0,1.0,1.0345,0.1315,0.0945,2,0.43,3.417e-05,0.000189,0.0002744,0.0005114,0.251,0.148,0.068,0.115,0.376
Li-Pd-Sn,Li75Pd5Sn20,metallic,75,100,2,35.655,25.0,1.0,1.0110000000000001,0.1075,0.1225,2,1.27,3.38e-05,0.0001764,0.0002879,0.0006139,0.127,0.096,0.119,0.046,0.4
Li-Mo-Si,Li63Mo14Si28,network(B/C/Si/Ge),63,105,2,32.08,20.0,1.0,1.0150000000000001,0.111,0.1705,1,1.2149999999999999,3.171e-05,0.0001128,0.000304,0.000404,0.251,0.134,0.058,0.088,0.375
Cu-Li-Si,Cu45Li57Si12,network(B/C/Si/Ge),57,114,3,27.07,5.0,1.0,1.0710000000000002,0.11599999999999999,0.065,1,5.76,2.656e-05,9.654e-05,0.0001963,0.0003261,0.23,0.121,0.111,0.07,0.356
Cu-Li-O-P,Cu5Li25O40P10,oxide,25,80,2,36.635000000000005,20.0,8.0,1.0405,0.1275,0.2575,0,1.6400000000000001,2.404e-05,8.682e-05,0.0002181,0.0001683,0.103,0.085,0.152,0.209,0.312
Au-Li-Sn,Au25Li50Sn25,metallic,50,100,2,30.935000000000002,10.0,1.0,1.02,0.145,0.119,0,1.405,2.3e-05,0.0001004,0.0002134,0.0004082,0.334,0.052,0.173,0.117,0.404
Li-Rh-Si,Li63Rh18Si24,network(B/C/Si/Ge),63,105,3,33.455,30.0,1.0,1.018,0.11,0.092,1,0.27,2.173e-05,9.764e-05,0.0002205,0.0003943,0.343,0.093,0.103,0.117,0.412
Cu-Li-Sn,Cu20Li60Sn20,metallic,60,100,2,28.345,10.0,1.0,0.9410000000000001,0.1385,0.129,0,3.33,1.959e-05,0.000132,0.0003012,0.0003919,0.153,0.16,0.124,0.055,0.442
Li-Si-V,Li51Si34V17,network(B/C/Si/Ge),51,102,2,35.795,20.0,1.0,0.9795,0.11599999999999999,0.1375,3,0.51,1.933e-05,7.432e-05,0.0002085,0.0003562,0.318,0.083,0.078,0.149,0.418
Li-P,Li75P25,pnictide,75,100,3,33.485,25.0,1.0,1.0394999999999999,0.144,0.07999999999999999,1,1.9249999999999998,1.673e-05,5.392e-05,0.0002502,0.0004247,0.485,0.146,0.056,0.142,0.472
Li-Pt-Sn,Li60Pt8Sn32,metallic,60,100,2,30.185000000000002,20.0,2.5,1.0135,0.16599999999999998,0.091,1,1.25,1.536e-05,0.0001129,0.0002578,0.000478,0.425,0.16,0.135,0.172,0.49
Li-O-Sn,Li40O40Sn20,oxide,40,100,2,36.285,25.0,1.0,0.965,0.2115,0.1475,2,4.16,1.509e-05,6.484e-05,0.0001337,0.0002231,0.45,0.243,0.18,0.092,0.384
Li-Mn-Si,Li55Mn20Si35,network(B/C/Si/Ge),55,110,3,29.77,5.0,1.0,0.963,0.0995,0.123,2,1.15,1.389e-05,7.535e-05,0.0001839,0.0003444,0.326,0.114,0.085,0.051,0.457
Li-Rb-Se,Li34Rb34Se34,chalcogenide,34,102,2,34.155,15.0,5.5,0.9325,0.1245,0.18,3,0.585,1.292e-05,6.267e-05,0.0002054,0.0003384,0.146,0.103,0.213,0.071,0.474
Al-K-Li-P,Al17K34Li17P34,pnictide,17,102,2,20.245,15.0,1.0,0.8089999999999999,0.24,0.224,2,1.6949999999999998,9.225e-06,6.725e-05,0.0001321,0.0003497,0.758,0.226,0.254,0.1,0.501
Li-O-Zn,Li50O45Zn20,oxide,50,115,3,31.270000000000003,15.0,1.0,0.971,0.1155,0.121,2,0.915,7.65e-06,6.041e-05,0.0001328,0.0002286,0.263,0.095,0.136,0.094,0.487
Ga-Li-O,Ga10Li50O40,oxide,50,100,2,23.17,15.0,1.0,1.0175,0.08499999999999999,0.17149999999999999,3,1.0,7.393e-06,6.133e-05,0.0001696,0.0002777,0.392,0.039,0.076,0.094,0.526
Li-O-V,Li20O60V20,oxide,20,100,2,38.735,25.0,1.25,0.962,0.14100000000000001,0.1365,2,1.25,7.251e-06,6.647e-05,0.0001443,0.0001829,0.457,0.155,0.127,0.054,0.477
Li-Sn-Ti,Li32Sn36Ti60,metallic,32,128,2,23.865000000000002,25.0,5.0,0.899,0.1825,0.1785,1,0.28,6.319e-06,4.93e-05,0.0001493,0.000181,0.881,0.142,0.21,0.155,0.501
As-Li-O,As20Li20O60,oxide,20,100,2,31.810000000000002,20.0,10.0,0.957,0.181,0.27349999999999997,0,1.725,5.941e-06,8.326e-05,0.0001256,0.000281,0.296,0.197,0.143,0.165,0.539
Li-O-Zr,Li42O49Zr14,oxide,42,105,3,29.765,20.0,1.75,0.9665,0.163,0.133,1,0.7,5.65e-06,3.658e-05,9.121e-05,0.0001702,0.304,0.196,0.13,0.114,0.486
